-- Create the database --
CREATE DATABASE Sales_Performance ;

-- Use the newly created database --
USE Sales_Performance ;

-- Create Customers Table --
CREATE TABLE customers (
    customer_id INT PRIMARY KEY,
    customer_name VARCHAR(100),
    region VARCHAR(50)
);

-- Create Products Table --
CREATE TABLE products (
    product_id INT PRIMARY KEY,
    product_name VARCHAR(100),
    category VARCHAR(50),
    price DECIMAL(10,2)
);

-- Create Sales Table
CREATE TABLE sales (
    sale_id INT PRIMARY KEY,
    customer_id INT,
    product_id INT,
    sale_date DATE,
    quantity INT,
    discount DECIMAL(5,2),
    total_amount DECIMAL(10,2),
    FOREIGN KEY (customer_id) REFERENCES customers(customer_id),
    FOREIGN KEY (product_id) REFERENCES products(product_id)
);

INSERT INTO customers (customer_id, customer_name, region) VALUES
(101, 'Customer_101', 'South'),
(102, 'Customer_102', 'East'),
(103, 'Customer_103', 'East'),
(104, 'Customer_104', 'North'),
(105, 'Customer_105', 'South'),
(106, 'Customer_106', 'North'),
(107, 'Customer_107', 'North'),
(108, 'Customer_108', 'West'),
(109, 'Customer_109', 'South'),
(110, 'Customer_110', 'West'),
(111, 'Customer_111', 'South'),
(112, 'Customer_112', 'South'),
(113, 'Customer_113', 'East'),
(114, 'Customer_114', 'South'),
(115, 'Customer_115', 'North'),
(116, 'Customer_116', 'South'),
(117, 'Customer_117', 'South'),
(118, 'Customer_118', 'South'),
(119, 'Customer_119', 'North'),
(120, 'Customer_120', 'East'),
(121, 'Customer_121', 'South'),
(122, 'Customer_122', 'North'),
(123, 'Customer_123', 'North'),
(124, 'Customer_124', 'South'),
(125, 'Customer_125', 'East'),
(126, 'Customer_126', 'South'),
(127, 'Customer_127', 'South'),
(128, 'Customer_128', 'South'),
(129, 'Customer_129', 'West'),
(130, 'Customer_130', 'North'),
(131, 'Customer_131', 'East'),
(132, 'Customer_132', 'West'),
(133, 'Customer_133', 'North'),
(134, 'Customer_134', 'South'),
(135, 'Customer_135', 'West'),
(136, 'Customer_136', 'North'),
(137, 'Customer_137', 'North'),
(138, 'Customer_138', 'South'),
(139, 'Customer_139', 'South'),
(140, 'Customer_140', 'North'),
(141, 'Customer_141', 'North'),
(142, 'Customer_142', 'West'),
(143, 'Customer_143', 'North'),
(144, 'Customer_144', 'North'),
(145, 'Customer_145', 'West'),
(146, 'Customer_146', 'South'),
(147, 'Customer_147', 'West'),
(148, 'Customer_148', 'West'),
(149, 'Customer_149', 'West'),
(150, 'Customer_150', 'East');

INSERT INTO products (product_id, product_name, category, price) VALUES
(201, 'Laptop', 'Electronics', 800),
(202, 'Smartphone', 'Electronics', 600),
(203, 'Tablet', 'Electronics', 300),
(204, 'Headphones', 'Accessories', 150),
(205, 'Keyboard', 'Accessories', 50),
(206, 'Monitor', 'Electronics', 200),
(207, 'Printer', 'Office', 250),
(208, 'Smartwatch', 'Electronics', 180),
(209, 'Camera', 'Electronics', 400),
(210, 'Speaker', 'Accessories', 120);

INSERT INTO sales (sale_id, customer_id, product_id, sale_date, quantity, discount, total_amount) VALUES
(3001, 114, 207, '2023-08-10', 1, 0, 250.0),
(3002, 113, 207, '2023-08-03', 2, 15, 425.0),
(3003, 105, 208, '2023-07-06', 3, 0, 540.0),
(3004, 108, 207, '2023-01-08', 1, 5, 237.5),
(3005, 103, 208, '2023-08-26', 4, 5, 684.0),
(3006, 142, 202, '2023-01-15', 1, 20, 480.0),
(3007, 114, 201, '2023-05-08', 5, 0, 4000.0),
(3008, 133, 210, '2023-06-14', 3, 0, 360.0),
(3009, 137, 202, '2023-12-13', 5, 5, 2850.0),
(3010, 134, 202, '2023-07-23', 2, 10, 1080.0),
(3011, 134, 203, '2023-09-05', 4, 15, 1020.0),
(3012, 144, 205, '2023-09-15', 2, 5, 95.0),
(3013, 146, 210, '2023-12-17', 1, 10, 108.0),
(3014, 126, 210, '2023-02-26', 2, 5, 228.0),
(3015, 105, 209, '2023-05-22', 3, 10, 1080.0),
(3016, 101, 206, '2023-08-28', 4, 20, 640.0),
(3017, 138, 208, '2023-04-30', 2, 20, 288.0),
(3018, 106, 205, '2023-02-04', 2, 15, 85.0),
(3019, 147, 204, '2023-12-21', 2, 20, 240.0),
(3020, 103, 205, '2023-05-15', 3, 0, 150.0),
(3021, 126, 209, '2023-09-29', 5, 20, 1600.0),
(3022, 101, 207, '2023-01-13', 1, 15, 212.5),
(3023, 144, 207, '2023-03-14', 3, 0, 750.0),
(3024, 134, 204, '2023-04-15', 4, 10, 540.0),
(3025, 109, 210, '2023-11-21', 5, 0, 600.0),
(3026, 108, 208, '2023-07-26', 3, 5, 513.0),
(3027, 131, 201, '2023-01-09', 5, 15, 3400.0),
(3028, 103, 209, '2023-12-13', 3, 5, 1140.0),
(3029, 137, 206, '2023-07-30', 2, 20, 320.0),
(3030, 123, 207, '2023-12-02', 1, 5, 237.5),
(3031, 101, 206, '2023-01-03', 1, 10, 180.0),
(3032, 113, 202, '2023-10-23', 5, 0, 3000.0),
(3033, 104, 209, '2023-11-27', 2, 0, 800.0),
(3034, 124, 202, '2023-11-09', 1, 10, 540.0),
(3035, 144, 208, '2023-10-03', 5, 5, 855.0),
(3036, 139, 202, '2023-10-11', 3, 5, 1710.0),
(3037, 110, 210, '2023-06-20', 3, 0, 360.0),
(3038, 107, 207, '2023-06-15', 2, 10, 450.0),
(3039, 116, 210, '2023-08-06', 3, 5, 342.0),
(3040, 106, 206, '2023-08-13', 2, 10, 360.0),
(3041, 141, 208, '2023-03-28', 2, 10, 324.0),
(3042, 146, 202, '2023-08-29', 4, 0, 2400.0),
(3043, 130, 204, '2023-03-26', 3, 10, 405.0),
(3044, 126, 206, '2023-09-13', 4, 10, 720.0),
(3045, 142, 207, '2023-05-27', 2, 0, 500.0),
(3046, 142, 206, '2023-10-02', 5, 10, 900.0),
(3047, 147, 206, '2023-07-13', 4, 10, 720.0),
(3048, 115, 203, '2023-06-05', 3, 5, 855.0),
(3049, 142, 205, '2023-02-05', 1, 0, 50.0),
(3050, 116, 205, '2023-11-23', 2, 5, 95.0),
(3051, 140, 202, '2023-10-18', 1, 15, 510.0),
(3052, 124, 207, '2023-04-12', 5, 0, 1250.0),
(3053, 136, 203, '2023-10-22', 4, 10, 1080.0),
(3054, 138, 209, '2023-08-24', 5, 0, 2000.0),
(3055, 145, 203, '2023-11-06', 3, 20, 720.0),
(3056, 103, 209, '2023-02-14', 4, 15, 1360.0),
(3057, 136, 206, '2023-09-14', 5, 20, 800.0),
(3058, 120, 202, '2023-04-05', 1, 20, 480.0),
(3059, 141, 207, '2023-06-25', 4, 10, 900.0),
(3060, 148, 210, '2023-08-15', 4, 0, 480.0),
(3061, 129, 204, '2023-01-14', 3, 15, 382.5),
(3062, 110, 210, '2023-01-27', 2, 5, 228.0),
(3063, 144, 204, '2023-03-17', 2, 15, 255.0),
(3064, 147, 208, '2023-05-14', 5, 20, 720.0),
(3065, 139, 202, '2023-04-26', 3, 0, 1800.0),
(3066, 119, 206, '2023-05-21', 5, 5, 950.0),
(3067, 137, 209, '2023-09-07', 1, 0, 400.0),
(3068, 144, 202, '2023-05-21', 1, 15, 510.0),
(3069, 130, 209, '2023-07-08', 5, 0, 2000.0),
(3070, 108, 204, '2023-02-21', 3, 0, 450.0),
(3071, 125, 208, '2023-05-24', 2, 5, 342.0),
(3072, 118, 206, '2023-01-29', 5, 10, 900.0),
(3073, 137, 205, '2023-12-28', 5, 0, 250.0),
(3074, 130, 206, '2023-08-09', 2, 5, 380.0),
(3075, 137, 206, '2023-12-04', 5, 5, 950.0),
(3076, 125, 209, '2023-04-17', 1, 20, 320.0),
(3077, 149, 201, '2023-10-28', 2, 15, 1360.0),
(3078, 108, 202, '2023-07-02', 1, 10, 540.0),
(3079, 117, 203, '2023-01-25', 2, 5, 570.0),
(3080, 128, 201, '2023-03-19', 5, 5, 3800.0),
(3081, 146, 204, '2023-07-01', 1, 10, 135.0),
(3082, 119, 210, '2023-03-07', 1, 10, 108.0),
(3083, 131, 205, '2023-02-16', 2, 0, 100.0),
(3084, 108, 203, '2023-04-10', 4, 5, 1140.0),
(3085, 135, 205, '2023-09-29', 2, 20, 80.0),
(3086, 144, 210, '2023-12-23', 2, 5, 228.0),
(3087, 125, 209, '2023-02-21', 5, 5, 1900.0),
(3088, 126, 208, '2023-10-04', 2, 15, 306.0),
(3089, 143, 204, '2023-12-27', 3, 10, 405.0),
(3090, 132, 208, '2023-04-10', 3, 20, 432.0),
(3091, 145, 203, '2023-05-28', 1, 10, 270.0),
(3092, 132, 210, '2023-08-23', 5, 20, 480.0),
(3093, 149, 203, '2023-09-30', 4, 15, 1020.0),
(3094, 115, 201, '2023-04-23', 1, 0, 800.0),
(3095, 101, 202, '2023-06-30', 5, 0, 3000.0),
(3096, 141, 205, '2023-03-06', 5, 10, 225.0),
(3097, 116, 207, '2023-02-06', 1, 20, 200.0),
(3098, 147, 202, '2023-06-27', 2, 10, 1080.0),
(3099, 123, 204, '2023-06-08', 2, 20, 240.0),
(3100, 129, 201, '2023-11-26', 3, 5, 2280.0),
(3101, 111, 203, '2023-01-28', 1, 5, 285.0),
(3102, 102, 204, '2023-10-07', 2, 0, 300.0),
(3103, 104, 206, '2023-09-30', 4, 0, 800.0),
(3104, 150, 209, '2023-07-21', 1, 0, 400.0),
(3105, 119, 202, '2023-05-28', 1, 10, 540.0),
(3106, 119, 203, '2023-08-23', 5, 0, 1500.0),
(3107, 142, 206, '2023-01-15', 2, 0, 400.0),
(3108, 126, 206, '2023-04-14', 3, 15, 510.0),
(3109, 145, 209, '2023-06-24', 3, 15, 1020.0),
(3110, 103, 206, '2023-01-22', 2, 10, 360.0),
(3111, 141, 203, '2023-09-19', 5, 10, 1350.0),
(3112, 117, 202, '2023-04-12', 1, 5, 570.0),
(3113, 142, 206, '2023-09-10', 2, 5, 380.0),
(3114, 133, 205, '2023-04-08', 5, 5, 237.5),
(3115, 139, 210, '2023-12-01', 4, 20, 384.0),
(3116, 115, 201, '2023-05-12', 3, 15, 2040.0),
(3117, 122, 201, '2024-01-01', 5, 0, 4000.0),
(3118, 137, 204, '2023-08-12', 5, 20, 600.0),
(3119, 132, 203, '2023-02-16', 5, 15, 1275.0),
(3120, 114, 208, '2023-06-13', 1, 0, 180.0),
(3121, 137, 203, '2023-07-06', 4, 20, 960.0),
(3122, 105, 201, '2023-09-10', 1, 20, 640.0),
(3123, 123, 205, '2023-06-17', 3, 15, 127.5),
(3124, 115, 201, '2023-08-16', 4, 5, 3040.0),
(3125, 117, 206, '2023-11-26', 4, 10, 720.0),
(3126, 103, 209, '2023-09-11', 1, 20, 320.0),
(3127, 141, 209, '2023-01-14', 5, 15, 1700.0),
(3128, 142, 205, '2023-09-15', 5, 10, 225.0),
(3129, 120, 201, '2023-05-12', 1, 5, 760.0),
(3130, 109, 204, '2023-08-29', 5, 0, 750.0),
(3131, 104, 203, '2023-04-27', 2, 20, 480.0),
(3132, 122, 205, '2023-04-24', 5, 5, 237.5),
(3133, 136, 203, '2024-01-01', 3, 20, 720.0),
(3134, 138, 209, '2023-03-14', 2, 0, 800.0),
(3135, 112, 204, '2023-01-02', 4, 20, 480.0),
(3136, 104, 209, '2023-10-29', 3, 5, 1140.0),
(3137, 131, 204, '2023-12-26', 5, 10, 675.0),
(3138, 106, 206, '2023-07-08', 1, 5, 190.0),
(3139, 130, 208, '2023-08-14', 2, 15, 306.0),
(3140, 123, 207, '2023-02-11', 4, 15, 850.0),
(3141, 106, 205, '2023-03-11', 2, 10, 90.0),
(3142, 127, 204, '2023-01-24', 4, 10, 540.0),
(3143, 134, 205, '2023-03-02', 5, 15, 212.5),
(3144, 127, 203, '2023-05-21', 2, 10, 540.0),
(3145, 102, 208, '2023-12-01', 1, 10, 162.0),
(3146, 144, 208, '2023-05-22', 1, 20, 144.0),
(3147, 124, 203, '2023-09-26', 1, 0, 300.0),
(3148, 104, 205, '2023-01-30', 2, 15, 85.0),
(3149, 133, 204, '2023-07-10', 2, 5, 285.0),
(3150, 113, 209, '2023-03-29', 1, 5, 380.0),
(3151, 144, 201, '2023-06-02', 1, 10, 720.0),
(3152, 118, 210, '2023-05-21', 3, 0, 360.0),
(3153, 140, 202, '2023-01-15', 3, 5, 1710.0),
(3154, 118, 208, '2023-07-21', 3, 10, 486.0),
(3155, 118, 202, '2023-09-03', 3, 15, 1530.0),
(3156, 146, 206, '2023-05-22', 3, 15, 510.0),
(3157, 128, 208, '2023-09-22', 4, 0, 720.0),
(3158, 102, 209, '2023-09-02', 4, 0, 1600.0),
(3159, 118, 204, '2023-01-03', 2, 10, 270.0),
(3160, 105, 201, '2023-08-30', 2, 0, 1600.0),
(3161, 112, 210, '2023-02-01', 5, 20, 480.0),
(3162, 128, 206, '2023-08-21', 1, 20, 160.0),
(3163, 148, 208, '2023-03-26', 2, 5, 342.0),
(3164, 145, 203, '2023-10-08', 1, 15, 255.0),
(3165, 137, 207, '2023-07-15', 2, 10, 450.0),
(3166, 140, 205, '2023-12-07', 5, 0, 250.0),
(3167, 118, 210, '2023-01-22', 3, 5, 342.0),
(3168, 138, 204, '2023-06-19', 2, 15, 255.0),
(3169, 113, 202, '2023-08-21', 1, 5, 570.0),
(3170, 139, 203, '2023-08-23', 1, 0, 300.0),
(3171, 130, 204, '2023-01-19', 1, 20, 120.0),
(3172, 144, 201, '2023-08-03', 4, 5, 3040.0),
(3173, 137, 209, '2023-04-13', 4, 10, 1440.0),
(3174, 123, 202, '2023-12-04', 1, 10, 540.0),
(3175, 103, 202, '2023-07-05', 1, 10, 540.0),
(3176, 121, 208, '2023-04-29', 1, 10, 162.0),
(3177, 129, 209, '2023-07-03', 2, 5, 760.0),
(3178, 120, 209, '2023-01-28', 1, 0, 400.0),
(3179, 135, 206, '2023-12-11', 2, 20, 320.0),
(3180, 111, 206, '2023-01-19', 3, 15, 510.0),
(3181, 114, 205, '2023-06-29', 4, 20, 160.0),
(3182, 115, 210, '2023-07-30', 5, 20, 480.0),
(3183, 114, 201, '2023-08-29', 1, 5, 760.0),
(3184, 131, 207, '2023-04-30', 1, 20, 200.0),
(3185, 130, 210, '2023-01-01', 5, 0, 600.0),
(3186, 102, 202, '2023-08-21', 1, 10, 540.0),
(3187, 131, 201, '2023-06-14', 3, 15, 2040.0),
(3188, 148, 206, '2023-05-18', 1, 0, 200.0),
(3189, 111, 207, '2023-05-11', 4, 0, 1000.0),
(3190, 108, 205, '2023-10-03', 1, 0, 50.0),
(3191, 117, 210, '2023-06-25', 3, 20, 288.0),
(3192, 144, 210, '2023-03-09', 5, 0, 600.0),
(3193, 127, 202, '2023-08-27', 5, 20, 2400.0),
(3194, 107, 204, '2023-10-20', 5, 0, 750.0),
(3195, 101, 205, '2023-12-05', 5, 5, 237.5),
(3196, 111, 203, '2023-05-29', 5, 0, 1500.0),
(3197, 128, 210, '2023-01-24', 5, 15, 510.0),
(3198, 149, 204, '2023-06-27', 3, 15, 382.5),
(3199, 127, 202, '2023-10-14', 5, 15, 2550.0),
(3200, 123, 207, '2023-05-14', 5, 0, 1250.0),
(3201, 108, 208, '2023-02-12', 1, 5, 171.0),
(3202, 107, 204, '2023-09-30', 5, 10, 675.0),
(3203, 121, 205, '2023-11-12', 1, 10, 45.0),
(3204, 131, 206, '2023-02-12', 1, 5, 190.0),
(3205, 125, 201, '2023-08-31', 5, 15, 3400.0),
(3206, 115, 210, '2023-12-21', 5, 0, 600.0),
(3207, 115, 201, '2023-05-09', 3, 5, 2280.0),
(3208, 115, 203, '2023-07-13', 4, 20, 960.0),
(3209, 110, 204, '2023-01-29', 4, 15, 510.0),
(3210, 138, 205, '2023-12-16', 5, 20, 200.0),
(3211, 117, 202, '2023-05-09', 4, 15, 2040.0),
(3212, 121, 208, '2023-08-27', 5, 10, 810.0),
(3213, 137, 205, '2023-01-31', 4, 20, 160.0),
(3214, 124, 209, '2023-10-24', 1, 0, 400.0),
(3215, 111, 210, '2023-06-18', 1, 0, 120.0),
(3216, 150, 207, '2023-09-05', 3, 20, 600.0),
(3217, 134, 201, '2023-03-12', 1, 10, 720.0),
(3218, 102, 205, '2023-09-21', 4, 0, 200.0),
(3219, 145, 208, '2023-07-22', 4, 5, 684.0),
(3220, 106, 209, '2023-04-10', 1, 5, 380.0),
(3221, 111, 206, '2023-12-22', 3, 20, 480.0),
(3222, 119, 206, '2023-04-26', 2, 5, 380.0),
(3223, 126, 205, '2023-10-09', 2, 20, 80.0),
(3224, 120, 209, '2023-05-03', 2, 10, 720.0),
(3225, 121, 202, '2023-07-17', 3, 10, 1620.0),
(3226, 102, 204, '2023-08-19', 2, 15, 255.0),
(3227, 148, 208, '2023-11-03', 3, 20, 432.0),
(3228, 132, 202, '2023-03-05', 1, 0, 600.0),
(3229, 127, 202, '2023-01-10', 2, 0, 1200.0),
(3230, 112, 210, '2023-12-09', 5, 20, 480.0),
(3231, 146, 209, '2023-05-07', 3, 10, 1080.0),
(3232, 145, 204, '2023-07-22', 3, 10, 405.0),
(3233, 137, 207, '2023-12-23', 4, 5, 950.0),
(3234, 115, 204, '2023-03-21', 4, 5, 570.0),
(3235, 144, 210, '2023-02-01', 3, 0, 360.0),
(3236, 143, 203, '2023-09-01', 3, 20, 720.0),
(3237, 121, 201, '2023-08-28', 4, 20, 2560.0),
(3238, 138, 208, '2023-01-06', 3, 5, 513.0),
(3239, 133, 206, '2023-09-02', 2, 15, 340.0),
(3240, 101, 206, '2023-12-23', 4, 5, 760.0),
(3241, 135, 203, '2023-03-31', 5, 10, 1350.0),
(3242, 144, 209, '2023-03-24', 2, 5, 760.0),
(3243, 105, 208, '2023-03-25', 5, 0, 900.0),
(3244, 133, 205, '2023-04-04', 2, 0, 100.0),
(3245, 140, 208, '2023-01-29', 2, 20, 288.0),
(3246, 147, 203, '2023-10-07', 5, 15, 1275.0),
(3247, 125, 202, '2023-11-09', 1, 0, 600.0),
(3248, 144, 203, '2023-03-30', 2, 0, 600.0),
(3249, 130, 210, '2023-09-15', 1, 20, 96.0),
(3250, 118, 201, '2023-03-08', 3, 5, 2280.0),
(3251, 143, 210, '2023-03-23', 2, 10, 216.0),
(3252, 149, 202, '2023-10-21', 5, 20, 2400.0),
(3253, 111, 202, '2023-04-17', 4, 15, 2040.0),
(3254, 130, 207, '2023-09-15', 1, 20, 200.0),
(3255, 138, 201, '2023-07-27', 1, 10, 720.0),
(3256, 115, 202, '2023-08-21', 1, 0, 600.0),
(3257, 148, 204, '2023-09-13', 3, 20, 360.0),
(3258, 106, 203, '2023-06-07', 3, 5, 855.0),
(3259, 134, 204, '2023-11-22', 4, 5, 570.0),
(3260, 103, 203, '2023-06-17', 3, 0, 900.0),
(3261, 141, 208, '2023-10-10', 2, 5, 342.0),
(3262, 144, 209, '2023-12-12', 4, 10, 1440.0),
(3263, 108, 208, '2023-12-14', 3, 5, 513.0),
(3264, 126, 210, '2023-02-03', 5, 20, 480.0),
(3265, 119, 202, '2023-10-10', 4, 10, 2160.0),
(3266, 124, 202, '2023-01-04', 1, 15, 510.0),
(3267, 115, 206, '2023-08-16', 4, 15, 680.0),
(3268, 117, 203, '2023-07-01', 2, 10, 540.0),
(3269, 101, 201, '2023-11-09', 5, 5, 3800.0),
(3270, 134, 203, '2023-04-09', 1, 5, 285.0),
(3271, 121, 209, '2023-04-15', 4, 0, 1600.0),
(3272, 135, 202, '2023-06-08', 2, 15, 1020.0),
(3273, 104, 203, '2023-02-08', 4, 5, 1140.0),
(3274, 104, 201, '2023-08-23', 5, 5, 3800.0),
(3275, 136, 205, '2023-11-18', 3, 10, 135.0),
(3276, 121, 202, '2023-06-23', 3, 5, 1710.0),
(3277, 126, 201, '2023-05-31', 2, 15, 1360.0),
(3278, 127, 205, '2023-03-30', 2, 0, 100.0),
(3279, 117, 204, '2023-12-18', 3, 15, 382.5),
(3280, 103, 203, '2023-12-31', 2, 10, 540.0),
(3281, 141, 203, '2023-05-27', 3, 5, 855.0),
(3282, 150, 201, '2023-06-11', 4, 0, 3200.0),
(3283, 113, 201, '2023-12-17', 4, 5, 3040.0),
(3284, 120, 203, '2023-07-17', 4, 15, 1020.0),
(3285, 144, 209, '2023-10-30', 3, 10, 1080.0),
(3286, 142, 208, '2023-05-31', 1, 10, 162.0),
(3287, 142, 209, '2023-10-06', 3, 15, 1020.0),
(3288, 105, 204, '2023-07-13', 2, 5, 285.0),
(3289, 116, 208, '2023-09-05', 3, 10, 486.0),
(3290, 114, 203, '2023-10-06', 3, 15, 765.0),
(3291, 149, 209, '2023-10-17', 4, 0, 1600.0),
(3292, 140, 203, '2023-07-05', 2, 15, 510.0),
(3293, 134, 202, '2023-12-28', 4, 10, 2160.0),
(3294, 125, 204, '2023-12-19', 5, 10, 675.0),
(3295, 136, 210, '2023-08-14', 2, 20, 192.0),
(3296, 119, 207, '2023-03-08', 3, 15, 637.5),
(3297, 141, 205, '2023-03-31', 2, 0, 100.0),
(3298, 137, 202, '2023-03-13', 2, 15, 1020.0),
(3299, 121, 201, '2023-09-23', 4, 5, 3040.0),
(3300, 114, 205, '2023-04-19', 3, 10, 135.0);

-- Monthly & Yearly Sales Trends --
SELECT DATE_FORMAT(sale_date, '%Y-%m') AS month,
       ROUND(SUM(total_amount), 2) AS total_revenue,
       COUNT(sale_id) AS total_orders
FROM sales
GROUP BY month
ORDER BY month;

-- Top Performing Products by Revenue --
SELECT p.product_name,
       ROUND(SUM(s.total_amount), 2) AS revenue
FROM sales s
JOIN products p ON s.product_id = p.product_id
GROUP BY p.product_name
ORDER BY revenue DESC
LIMIT 5;

-- Sales by Region --
SELECT c.region,
       ROUND(SUM(s.total_amount), 2) AS total_revenue
FROM sales s
JOIN customers c ON s.customer_id = c.customer_id
GROUP BY c.region
ORDER BY total_revenue DESC;

-- Discount Impact on Revenue --
SELECT discount,
       ROUND(SUM(total_amount), 2) AS total_revenue,
       COUNT(sale_id) AS total_orders
FROM sales
GROUP BY discount
ORDER BY discount;

-- KPI Summary (Total Revenue, Avg Order Value, Orders) --
SELECT ROUND(SUM(total_amount), 2) AS total_revenue,
       ROUND(AVG(total_amount), 2) AS avg_order_value,
       COUNT(sale_id) AS total_orders
FROM sales;

-- Category-wise Sales --
SELECT p.category,
       ROUND(SUM(s.total_amount), 2) AS total_revenue
FROM sales s
JOIN products p ON s.product_id = p.product_id
GROUP BY p.category
ORDER BY total_revenue DESC;


